Date,Bitcoin Price Percentage Change (%),Bitcoin Price (USD)
2017-04-08,-0.7956448911222781,1184.5
2017-04-09,2.2346981848881406,1210.97
2017-04-10,-0.08010107599693034,1210.0
2017-04-11,1.1561983471074389,1223.99
2017-04-12,-0.802294136389998,1214.17
2017-04-13,-3.0572325127453417,1177.05
2017-04-14,-0.2812115033346031,1173.74
2017-04-15,0.43536047165470204,1178.85
2017-04-16,-0.07295245366245919,1177.99
2017-04-17,1.0118931400096838,1189.91
2017-04-18,1.011000831995695,1201.94
2017-04-19,1.0208496264372582,1214.21
2017-04-20,1.8069361971981828,1236.15
2017-04-21,1.1196052259029987,1249.99
2017-04-22,-0.23920191361530965,1247.0
2017-04-23,0.39935846030473277,1251.98
2017-04-24,0.42412818096135285,1257.29
2017-04-25,1.8985277859523353,1281.16
2017-04-26,1.348777670236346,1298.44
2017-04-27,3.913927482209415,1349.26
2017-04-28,0.3023879756310813,1353.34
2017-04-29,0.8933453529785677,1365.43
2017-04-30,1.4002914832689988,1384.55
2017-05-01,3.752121627965768,1436.5
2017-05-02,2.470588235294118,1471.99
2017-05-03,4.144729244084537,1533.0
2017-05-04,1.982387475538167,1563.39
2017-05-05,-0.7733195172030105,1551.3
2017-05-06,2.1975117643267033,1585.39
2017-05-07,1.5251767703845638,1609.57
2017-05-08,6.425939847288411,1713.0
2017-05-09,0.4337419731465303,1720.43
2017-05-10,4.333800270862514,1794.99
2017-05-11,2.392213884199915,1837.93
2017-05-12,-7.743494039490087,1695.61
2017-05-13,5.727732202570174,1792.73
2017-05-14,0.4049689579579742,1799.99
2017-05-15,-2.8989049939166365,1747.81
2017-05-16,1.6975529376762963,1777.48
2017-05-17,2.011274388460067,1813.23
2017-05-18,4.739056821252685,1899.16
2017-05-19,4.058109901219483,1976.23
2017-05-20,4.1837235544445655,2058.91
2017-05-21,-0.09276753233506344,2057.0
2017-05-22,3.2226543509965957,2123.29
2017-05-23,7.039076150690675,2272.75
2017-05-24,7.049609503904952,2432.97
2017-05-25,-3.204725089088637,2355.0
2017-05-26,-3.494692144373681,2272.7
2017-05-27,-7.599331191974305,2099.99
2017-05-28,6.323363444587852,2232.78
2017-05-29,2.0915629842617642,2279.48
2017-05-30,-3.8561426290206575,2191.58
2017-05-31,5.097235784228732,2303.29
2017-06-01,5.066665508902475,2419.99
2017-06-02,2.4380266034157168,2478.99
2017-06-03,2.785811963743315,2548.05
2017-06-04,-1.0474676713565296,2521.36
2017-06-05,7.005742932385692,2698.0
2017-06-06,6.422905856189769,2871.29
2017-06-07,-6.465734913575434,2685.64
2017-06-08,4.24814941689877,2799.73
2017-06-09,0.41646873091333286,2811.39
2017-06-10,4.259814540138516,2931.15
2017-06-11,2.3141087968885907,2998.98
2017-06-12,-11.446225049850282,2655.71
2017-06-13,2.0069962458250403,2709.01
2017-06-14,-10.217754825563588,2432.21
2017-06-15,-0.9139835787205881,2409.98
2017-06-16,2.923260773948324,2480.43
2017-06-17,6.22916187919031,2634.94
2017-06-18,-4.542418423189904,2515.25
2017-06-19,3.249378789384753,2596.98
2017-06-20,4.932652542568673,2725.08
2017-06-21,-2.999178005783317,2643.35
2017-06-22,1.3861198857510308,2679.99
2017-06-23,0.4018671711461773,2690.76
2017-06-24,-4.308076528564423,2574.84
2017-06-25,-2.68871075484302,2505.61
2017-06-26,-3.8992500828141754,2407.91
2017-06-27,6.970360187880782,2575.75
2017-06-28,-0.8785790546442827,2553.12
2017-06-29,-0.9055586889766204,2530.0
2017-06-30,-2.9569169960474286,2455.19
2017-07-01,-1.2854402306949744,2423.63
2017-07-02,3.838457190247676,2516.66
2017-07-03,1.0231815183616382,2542.41
2017-07-04,2.3438391132822853,2602.0
2017-07-05,0.574942352036896,2616.96
2017-07-06,-0.46313279530447127,2604.84
2017-07-07,-3.9806667588028457,2501.15
2017-07-08,2.397297243268098,2561.11
2017-07-09,-2.0350551128221883,2508.99
2017-07-10,-7.092096819835855,2331.05
2017-07-11,-0.902597541880267,2310.01
2017-07-12,3.1779083207431937,2383.42
2017-07-13,-1.8217519362932286,2340.0
2017-07-14,-5.246153846153855,2217.24
2017-07-15,-11.407425447854083,1964.31
2017-07-16,-2.6742214823525803,1911.78
2017-07-17,16.91669543566729,2235.19
2017-07-18,3.2641520407661107,2308.15
2017-07-19,-2.1298442475575814,2258.99
2017-07-20,27.201979645770912,2873.48
2017-07-21,-7.518061723067507,2657.45
2017-07-22,6.315076483094703,2825.27
2017-07-23,-2.5126802040158918,2754.28
2017-07-24,0.2897308915578669,2762.26
2017-07-25,-7.177456140986012,2564.0
2017-07-26,-1.4824492979719275,2525.99
2017-07-27,5.502792964342694,2664.99
2017-07-28,4.543356635484576,2786.07
2017-07-29,-3.0817603290656774,2700.21
2017-07-30,0.8806722440106416,2723.99
2017-07-31,4.87850542769982,2856.88
2017-08-01,-4.350550250623056,2732.59
2017-08-02,-1.1963009452570659,2699.9
2017-08-03,3.2267861772658204,2787.02
2017-08-04,2.52312505830601,2857.34
2017-08-05,13.514317512091653,3243.49
2017-08-06,-0.6557751064439842,3222.22
2017-08-07,5.462383077505577,3398.23
2017-08-08,0.712135435211855,3422.43
2017-08-09,-2.3267093848522733,3342.8
2017-08-10,3.056718918272102,3444.98
2017-08-11,6.12978885218492,3656.15
2017-08-12,5.958453564541934,3874.0
2017-08-13,4.8133711925658185,4060.47
2017-08-14,6.406401229414343,4320.6
2017-08-15,-3.7186964773411115,4159.93
2017-08-16,5.050084977391444,4370.01
2017-08-17,-2.0594918547097145,4280.01
2017-08-18,-4.165644472793287,4101.72
2017-08-19,1.3577231015281295,4157.41
2017-08-20,-2.559766777873726,4050.99
2017-08-21,-1.2093340146482658,4002.0
2017-08-22,2.2488755622188905,4092.0
2017-08-23,1.2583088954056643,4143.49
2017-08-24,4.067585537795432,4312.03
2017-08-25,1.1124690690927534,4360.0
2017-08-26,-0.35963302752294246,4344.32
2017-08-27,-0.09690814672952353,4340.11
2017-08-28,1.0340751732098983,4384.99
2017-08-29,4.880512840394168,4599.0
2017-08-30,-0.37008045227224257,4581.98
2017-08-31,3.534716432633928,4743.94
2017-09-01,4.301276997601154,4947.99
2017-09-02,-6.022647580128497,4649.99
2017-09-03,-0.5148398168598126,4626.05
2017-09-04,-2.7626160547335235,4498.25
2017-09-05,-1.4614572333685274,4432.51
2017-09-06,4.143701875461083,4616.18
2017-09-07,0.17330346736912336,4624.18
2017-09-08,-5.929267459311711,4350.0
2017-09-09,-0.359540229885065,4334.36
2017-09-10,-1.9149309240579928,4251.36
2017-09-11,-0.955929396710686,4210.72
2017-09-12,-1.0971995288216698,4164.52
2017-09-13,-7.424625166885986,3855.32
2017-09-14,-15.690526337632157,3250.4
2017-09-15,15.063376815161208,3740.02
2017-09-16,-0.3612280148234438,3726.51
2017-09-17,-0.1754993277892832,3719.97
2017-09-18,10.215942601687654,4100.0
2017-09-19,-4.631463414634143,3910.11
2017-09-20,-0.9731184033185813,3872.06
2017-09-21,-6.575053072524706,3617.47
2017-09-22,0.04257118925659144,3619.01
2017-09-23,4.650995714297548,3787.33
2017-09-24,-3.1241006196977743,3669.01
2017-09-25,6.83481375084832,3919.78
2017-09-26,-0.8849986478833008,3885.09
2017-09-27,8.10560373118769,4200.0
2017-09-28,-0.2519047619047602,4189.42
2017-09-29,-0.7740928338529031,4156.99
2017-09-30,4.378408415704637,4339.0
2017-10-01,1.286241069370832,4394.81
2017-10-02,-0.047783635697569715,4392.71
2017-10-03,-1.9286499677875446,4307.99
2017-10-04,-2.1622612865860793,4214.84
2017-10-05,2.4959429064922944,4320.04
2017-10-06,0.9942037573726127,4362.99
2017-10-07,1.4212730260669912,4425.0
2017-10-08,4.033672316384176,4603.49
2017-10-09,3.6072631851052224,4769.55
2017-10-10,-0.4098919185248122,4750.0
2017-10-11,1.3682105263157849,4814.99
2017-10-12,12.98050463240838,5440.0
2017-10-13,3.397058823529415,5624.8
2017-10-14,3.454878395676289,5819.13
2017-10-15,-2.1554768496321666,5693.7
2017-10-16,1.0748722271984794,5754.9
2017-10-17,-2.795878295018152,5594.0
2017-10-18,-0.3496603503754094,5574.44
2017-10-19,2.324359038755474,5704.01
2017-10-20,4.998062766369626,5989.1
2017-10-21,0.5970847038787014,6024.86
2017-10-22,-0.32880432076429145,6005.05
2017-10-23,-1.649611576922763,5905.99
2017-10-24,-6.443627571330116,5525.43
2017-10-25,3.8827747342740735,5739.97
2017-10-26,2.6418256541410394,5891.61
2017-10-27,-1.8943888003448917,5780.0
2017-10-28,-0.484256055363318,5752.01
2017-10-29,6.745468105931665,6140.01
2017-10-30,-0.2581429020473967,6124.16
2017-10-31,5.239085850141087,6445.01
2017-11-01,5.25491814597649,6783.69
2017-11-02,3.7780323098490642,7039.98
2017-11-03,1.8470222926769773,7170.01
2017-11-04,3.382701000417014,7412.55
2017-11-05,-0.2772325313151369,7392.0
2017-11-06,-5.712121212121209,6969.76
2017-11-07,2.2507231238952254,7126.63
2017-11-08,4.789500787889927,7467.96
2017-11-09,-4.177312144146461,7156.0
2017-11-10,-8.08244829513695,6577.62
2017-11-11,-3.510692317281936,6346.7
2017-11-12,-7.253375770085232,5886.35
2017-11-13,11.034342164499215,6535.87
2017-11-14,1.0577015760717412,6605.0
2017-11-15,10.431491294473885,7294.0
2017-11-16,7.465451055662184,7838.53
2017-11-17,-1.5796329158655986,7714.71
2017-11-18,0.8075481774428356,7777.01
2017-11-19,3.2764520040478216,8031.82
2017-11-20,2.7912727127849046,8256.01
2017-11-21,-1.7806422230593255,8109.0
2017-11-22,1.7388087310395854,8250.0
2017-11-23,-2.6526060606060624,8031.16
2017-11-24,2.289208532764885,8215.01
2017-11-25,7.066211727070323,8795.5
2017-11-26,6.885452788357689,9401.11
2017-11-27,3.910176564256758,9768.71
2017-11-28,1.8455865718196252,9949.0
2017-11-29,-0.13086742386169903,9935.98
2017-11-30,-0.3319249837459371,9903.0
2017-12-01,9.763102090275675,10869.84
2017-12-02,0.5556659527647108,10930.24
2017-12-03,3.2914190356295947,11290.0
2017-12-04,3.135341009743132,11643.98
2017-12-05,0.6386991389542133,11718.35
2017-12-06,20.23877081671054,14090.0
2017-12-07,23.42093683463448,17390.01
2017-12-08,-5.882572810481408,16367.03
2017-12-09,-6.458410597402223,15309.98
2017-12-10,-0.1304377928645194,15290.01
2017-12-11,10.436553017296903,16885.76
2017-12-12,5.000426394784721,17730.12
2017-12-13,-5.868601002136469,16689.61
2017-12-14,0.36052370307034287,16749.78
2017-12-15,5.90389843926308,17738.67
2017-12-16,10.774990458698428,19650.01
2017-12-17,-1.3792359393201166,19378.99
2017-12-18,-1.7543741959720458,19039.01
2017-12-19,-6.30431939475844,17838.73
2017-12-20,-7.522060146658423,16496.89
2017-12-21,-4.474116030354813,15758.8
2017-12-22,-9.824542477853642,14210.57
2017-12-23,6.089270170021327,15075.89
2017-12-24,-5.6643422046724865,14221.94
2017-12-25,-0.35128822087563966,14171.98
2017-12-26,11.423245022925517,15790.88
2017-12-27,-2.6838276270860097,15367.08
2017-12-28,-5.967757049485002,14450.01
2017-12-29,0.7961240165231654,14565.05
2017-12-30,-11.843831638065092,12839.99
2017-12-31,7.9683862682135995,13863.13
2018-01-01,-2.763589463562695,13480.01
2018-01-02,9.655037347895142,14781.51
2018-01-03,2.142068029585605,15098.14
2018-01-04,0.31030312343110056,15144.99
2018-01-05,11.98429315569042,16960.01
2018-01-06,0.8194570639993916,17098.99
2018-01-07,-5.4083311353477725,16174.22
2018-01-08,-7.2985281515893785,14993.74
2018-01-09,-3.4197605133875877,14480.99
2018-01-10,2.7221205180032615,14875.18
2018-01-11,-10.535133020239087,13308.06
2018-01-12,3.8468416884204046,13820.0
2018-01-13,2.662445730824897,14187.95
2018-01-14,-3.7476872980240357,13656.23
2018-01-15,-0.4849801153026828,13590.0
2018-01-16,-14.863796909492272,11570.01
2018-01-17,-3.1979229058574714,11200.01
2018-01-18,0.9421420159446325,11305.53
2018-01-19,1.7111979712583054,11498.99
2018-01-20,10.990617436835752,12762.8
2018-01-21,-9.752013664713067,11518.17
2018-01-22,-6.524213481829139,10766.7
2018-01-23,0.5409271178726981,10824.94
2018-01-24,4.913191204754948,11356.79
2018-01-25,-2.102618785766056,11118.0
2018-01-26,-0.27981651376147315,11086.89
2018-01-27,2.0935537377930205,11319.0
2018-01-28,1.91713048855906,11536.0
2018-01-29,-3.580010402219138,11123.01
2018-01-30,-10.141229757053173,9995.0
2018-01-31,1.050425212606301,10099.99
2018-02-01,-10.750109653573917,9014.23
2018-02-02,-2.51502346844932,8787.52
2018-02-03,5.149120570991583,9240.0
2018-02-04,-11.60270562770563,8167.91
2018-02-05,-15.459523917379112,6905.19
2018-02-06,11.343207065989503,7688.46
2018-02-07,-1.4659632748300706,7575.75
2018-02-08,8.479028479028484,8218.1
2018-02-09,5.511127876273102,8671.01
2018-02-10,-1.4245168671239041,8547.49
2018-02-11,-5.551337293170276,8072.99
2018-02-12,9.900792643122323,8872.28
2018-02-13,-3.970456297592055,8520.01
2018-02-14,11.185080768684536,9472.98
2018-02-15,5.893076940941499,10031.23
2018-02-16,1.3583578484393262,10167.49
2018-02-17,9.382945053302242,11121.5
2018-02-18,-6.666906442476277,10380.04
2018-02-19,7.321359069907237,11140.0
2018-02-20,0.8578994614003564,11235.57
2018-02-21,-6.953808307010675,10454.27
2018-02-22,-5.971435595216121,9830.0
2018-02-23,3.2043743641912488,10144.99
2018-02-24,-4.498476587951284,9688.62
2018-02-25,-0.9354273364008601,9597.99
2018-02-26,7.314135563800339,10300.0
2018-02-27,2.5880582524271816,10566.57
2018-02-28,-2.4539656671937937,10307.27
2018-03-01,5.711017563331509,10895.92
2018-03-02,0.9552199355355026,11000.0
2018-03-03,3.931818181818182,11432.5
2018-03-04,0.3271375464683983,11469.9
2018-03-05,-0.8052380578732051,11377.54
2018-03-06,-5.955065857821645,10700.0
2018-03-07,-7.289719626168225,9920.0
2018-03-08,-6.2006048387096815,9304.9
2018-03-09,-0.5362765854549714,9255.0
2018-03-10,-4.9655321447865965,8795.44
2018-03-11,8.395714142783063,9533.88
2018-03-12,-4.341149668340689,9120.0
2018-03-13,0.27861842105262996,9145.41
2018-03-14,-10.260666279587237,8207.03
2018-03-15,0.6453004314593601,8259.99
2018-03-16,0.18171934832851153,8275.0
2018-03-17,-4.954441087613288,7865.02
2018-03-18,4.157395658243711,8192.0
2018-03-19,4.84619140625,8589.0
2018-03-20,3.620910466876237,8900.0
2018-03-21,-0.09202247191011809,8891.81
2018-03-22,-1.987446875270607,8715.09
2018-03-23,2.4326771152105167,8927.1
2018-03-24,-4.4332425983802155,8531.34
2018-03-25,-0.9182613751180957,8453.0
2018-03-26,-3.6436768011356917,8145.0
2018-03-27,-4.314180478821367,7793.61
2018-03-28,1.9132340468666071,7942.72
2018-03-29,-10.861896176624638,7079.99
2018-03-30,-3.2765583002235816,6848.01
2018-03-31,1.1753779565158313,6928.5
2018-04-01,-1.6235837482860616,6816.01
2018-04-02,3.3597368548461635,7045.01
2018-04-03,5.392327335234434,7424.9
2018-04-04,-8.528330347883465,6791.68
2018-04-05,-0.08584032227666685,6785.85
2018-04-06,-2.458645563930829,6619.01
2018-04-07,4.154699872035244,6894.01
2018-04-08,1.827673589101263,7020.01
2018-04-09,-3.545294095022658,6771.13
2018-04-10,0.7954359169001285,6824.99
2018-04-11,1.7289402621835341,6942.99
2018-04-12,14.014279150625311,7916.0
2018-04-13,-0.2881505811015715,7893.19
2018-04-14,1.392592855360128,8003.11
2018-04-15,4.400039484650346,8355.25
2018-04-16,-3.6661978995242475,8048.93
2018-04-17,-1.9484577453152148,7892.1
2018-04-18,3.293800129243165,8152.05
2018-04-19,1.4959427383296202,8274.0
2018-04-20,7.15820642978004,8866.27
2018-04-21,0.5543481080544539,8915.42
2018-04-22,-1.350581352308695,8795.01
2018-04-23,1.5496287099161803,8931.3
2018-04-24,8.046980842654495,9650.0
2018-04-25,-8.124559585492234,8865.98
2018-04-26,4.58076828506269,9272.11
2018-04-27,-3.7700156706510306,8922.55
2018-04-28,4.566407585275516,9329.99
2018-04-29,0.6325837433909408,9389.01
2018-04-30,-1.5463824194457192,9243.82
2018-05-01,-1.8556181318978393,9072.29
2018-05-02,1.3027581790264495,9190.48
2018-05-03,5.824070124737775,9725.74
2018-05-04,-0.4188884341962646,9685.0
2018-05-05,1.1874032008260196,9800.0
2018-05-06,-2.0408163265306123,9600.0
2018-05-07,-2.5390625,9356.25
2018-05-08,-1.9071743486974002,9177.81
2018-05-09,1.3322350321046137,9300.08
2018-05-10,-3.1136291300719963,9010.51
2018-05-11,-6.738575285971607,8403.33
2018-05-12,0.8528761812281568,8475.0
2018-05-13,2.490855457227143,8686.1
2018-05-14,-0.18535361094162353,8670.0
2018-05-15,-2.2207612456747508,8477.46
2018-05-16,-1.5742922998162083,8344.0
2018-05-17,-3.415627996164909,8059.0
2018-05-18,2.227447574140715,8238.51
2018-05-19,-0.035321921075532524,8235.6
2018-05-20,3.415173150711547,8516.86
2018-05-21,-1.4491256167178992,8393.44
2018-05-22,-4.834013229379142,7987.7
2018-05-23,-6.043041175807802,7505.0
2018-05-24,1.054630246502327,7584.15
2018-05-25,-1.6487015684025232,7459.11
2018-05-26,-1.6243224727883068,7337.95
2018-05-27,0.11842544579890174,7346.64
2018-05-28,-3.2491043524658987,7107.94
2018-05-29,4.95305250185005,7460.0
2018-05-30,-1.0722520107238576,7380.01
2018-05-31,1.422626798608671,7485.0
2018-06-01,0.3917167668670635,7514.32
2018-06-02,1.6248975289846634,7636.42
2018-06-03,0.9160051437715555,7706.37
2018-06-04,-2.841804896468765,7487.37
2018-06-05,1.6713478831685935,7612.51
2018-06-06,0.5581601863248755,7655.0
2018-06-07,0.3909862834748568,7684.93
2018-06-08,-0.8601249458355555,7618.83
2018-06-09,-1.606939648213706,7496.4
2018-06-10,-9.685849207619649,6770.31
2018-06-11,1.63493252155366,6881.0
2018-06-12,-4.883156517947976,6544.99
2018-06-13,-3.7077214785660493,6302.32
2018-06-14,5.334067454524685,6638.49
2018-06-15,-3.724792836925258,6391.22
2018-06-16,1.4562164970068265,6484.29
2018-06-17,-0.5726147349979737,6447.16
2018-06-18,4.0616333393308155,6709.02
2018-06-19,0.4082563474248015,6736.41
2018-06-20,0.2922921853034556,6756.1
2018-06-21,-0.548985361377128,6719.01
2018-06-22,-9.810820344068553,6059.82
2018-06-23,1.9550085646108342,6178.29
2018-06-24,-0.4580555461138953,6149.99
2018-06-25,1.5613033517127741,6246.01
2018-06-26,-2.7539181013158833,6074.0
2018-06-27,0.957688508396445,6132.17
2018-06-28,-4.574400253091486,5851.66
2018-06-29,5.993171168523117,6202.36
2018-06-30,2.915503131066238,6383.19
2018-07-01,-0.5277925300672486,6349.5
2018-07-02,4.1308764469643275,6611.79
2018-07-03,-1.6511413701887097,6502.62
2018-07-04,1.3048586569721183,6587.47
2018-07-05,-0.8276318525928836,6532.95
2018-07-06,1.0263357288820547,6600.0
2018-07-07,2.3224242424242387,6753.28
2018-07-08,-0.7597789518574602,6701.97
2018-07-09,-0.5664006254877303,6664.01
2018-07-10,-5.406804611637743,6303.7
2018-07-11,1.3696717800656781,6390.04
2018-07-12,-2.195447915818993,6249.75
2018-07-13,-0.5353814152566109,6216.29
2018-07-14,0.5205677341308027,6248.65
2018-07-15,1.6016259512054594,6348.73
2018-07-16,5.986709152854206,6728.81
2018-07-17,8.711793021351468,7315.01
2018-07-18,0.8746399526453082,7378.99
2018-07-19,1.2335021459576505,7470.01
2018-07-20,-1.8145892709648337,7334.46
2018-07-21,1.002664136146355,7408.0
2018-07-22,-0.13768898488120704,7397.8
2018-07-23,4.356565465408634,7720.09
2018-07-24,8.619200035232748,8385.5
2018-07-25,-2.7231530618329303,8157.15
2018-07-26,-2.7602777931017557,7931.99
2018-07-27,3.1797821227712117,8184.21
2018-07-28,0.5460514820611837,8228.9
2018-07-29,-0.15263279417661524,8216.34
2018-07-30,-0.5638763731783242,8170.01
2018-07-31,-5.419087614335843,7727.27
2018-08-01,-1.5953887983725255,7603.99
2018-08-02,-0.9214899020119661,7533.92
2018-08-03,-1.5906725847898588,7414.08
2018-08-04,-5.517609737148776,7005.0
2018-08-05,0.35703069236260127,7030.01
2018-08-06,-1.308817483901164,6938.0
2018-08-07,-3.167771692130293,6718.22
2018-08-08,-6.485646495649148,6282.5
2018-08-09,4.20135296458416,6546.45
2018-08-10,-6.116903054327148,6146.01
2018-08-11,1.457042861954344,6235.56
2018-08-12,1.2901808337984049,6316.01
2018-08-13,-0.9870155367075122,6253.67
2018-08-14,-0.9380092009971721,6195.01
2018-08-15,1.1945097748026232,6269.01
2018-08-16,0.7479649896873576,6315.9
2018-08-17,4.26843363574471,6585.49
2018-08-18,-2.8676681613668755,6396.64
2018-08-19,1.4521686385352217,6489.53
2018-08-20,-3.556343833836965,6258.74
2018-08-21,3.4695481838197555,6475.89
2018-08-22,-1.7897153904714338,6359.99
2018-08-23,2.6158846161707787,6526.36
2018-08-24,2.5208538909897773,6690.88
2018-08-25,0.6970682481228228,6737.52
2018-08-26,-0.4087557439532776,6709.98
2018-08-27,3.0092489098328175,6911.9
2018-08-28,2.301971961399913,7071.01
2018-08-29,-0.5672456975736222,7030.9
2018-08-30,-0.6812783569670972,6983.0
2018-08-31,0.45839896892453413,7015.01
2018-09-01,2.509903763501402,7191.08
2018-09-02,1.4451236810048014,7295.0
2018-09-03,-0.5211788896504514,7256.98
2018-09-04,1.4195987862719814,7360.0
2018-09-05,-9.130978260869565,6687.96
2018-09-06,-2.885184720004307,6495.0
2018-09-07,-1.539491916859119,6395.01
2018-09-08,-3.237055141430587,6188.0
2018-09-09,0.7596961861667779,6235.01
2018-09-10,1.0423399481315951,6300.0
2018-09-11,-0.2773015873015913,6282.53
2018-09-12,0.6919187015422171,6326.0
2018-09-13,2.529086310464745,6485.99
2018-09-14,-0.12257188185612095,6478.04
2018-09-15,0.6273502479144978,6518.68
2018-09-16,-0.31724214104696485,6498.0
2018-09-17,-3.8057863958140996,6250.7
2018-09-18,1.3598476970579296,6335.7
2018-09-19,0.8087504143188564,6386.94
2018-09-20,1.662298377626846,6493.11
2018-09-21,3.9563475745829093,6750.0
2018-09-22,-0.6321481481481492,6707.33
2018-09-23,-0.15415970289221115,6696.99
2018-09-24,-1.7156961560342725,6582.09
2018-09-25,-2.2059862444907288,6436.89
2018-09-26,0.29160044679961167,6455.66
2018-09-27,3.4752449788247888,6680.01
2018-09-28,-0.8982022482002272,6620.01
2018-09-29,-0.5892740343292566,6581.0
2018-09-30,0.36468621790001515,6605.0
2018-10-01,-0.4870552611657846,6572.83
2018-10-02,-1.1314760917291318,6498.46
2018-10-03,-0.49904131132607243,6466.03
2018-10-04,1.2591961373516682,6547.45
2018-10-05,0.7100474230425553,6593.94
2018-10-06,-0.629517405375228,6552.43
2018-10-07,0.26814479513706685,6570.0
2018-10-08,0.5794520547945161,6608.07
2018-10-09,-0.2813226857463699,6589.48
2018-10-10,-0.9852067234440223,6524.56
2018-10-11,-5.668888016969738,6154.69
2018-10-12,0.5413757638483924,6188.01
2018-10-13,0.1291206704578658,6196.0
2018-10-14,-0.2019044544867692,6183.49
2018-10-15,4.155096878947007,6440.42
2018-10-16,0.25914458994909645,6457.11
2018-10-17,-0.20767804791926814,6443.7
2018-10-18,-0.7563977218057915,6394.96
2018-10-19,-0.18717865318939061,6382.99
2018-10-20,0.4858224750469642,6414.0
2018-10-21,0.029310882444654025,6415.88
2018-10-22,-0.12827546649875735,6407.65
2018-10-23,-0.19523538270659774,6395.14
2018-10-24,0.32587245939884407,6415.98
2018-10-25,-0.31795610335443125,6395.58
2018-10-26,0.14525656781714816,6404.87
2018-10-27,0.06635575741584138,6409.12
2018-10-28,-0.08581521332101755,6403.62
2018-10-29,-2.1490969170562884,6266.0
2018-10-30,0.026013405681457217,6267.63
2018-10-31,0.5831550362736821,6304.18
2018-11-01,0.6316444010164638,6344.0
2018-11-02,0.09142496847415166,6349.8
2018-11-03,-0.28095373082617003,6331.96
2018-11-04,1.4422074681457195,6423.28
2018-11-05,-0.300158174639744,6404.0
2018-11-06,0.6948782011242973,6448.5
2018-11-07,0.8470186865162423,6503.12
2018-11-08,-1.489746460160663,6406.24
2018-11-09,-1.1137578361097844,6334.89
2018-11-10,0.19779348970542102,6347.42
2018-11-11,0.16038012294759588,6357.6
2018-11-12,-0.4676292940732426,6327.87
2018-11-13,-1.0829868502355413,6259.34
2018-11-14,-10.44646879702972,5605.46
2018-11-15,-0.4627630916998712,5579.52
2018-11-16,-1.2058384950676877,5512.24
2018-11-17,-0.14640146292613726,5504.17
2018-11-18,1.014321868692281,5560.0
2018-11-19,-14.865107913669066,4733.5
2018-11-20,-8.118094433294612,4349.23
2018-11-21,4.503785727588565,4545.11
2018-11-22,-6.154966546464222,4265.36
2018-11-23,0.4323198979687649,4283.8
2018-11-24,-11.87753863392316,3774.99
2018-11-25,4.283455055510088,3936.69
2018-11-26,-5.216819205982688,3731.32
2018-11-27,1.170631304739337,3775.0
2018-11-28,11.921324503311252,4225.03
2018-11-29,0.5436647787116365,4248.0
2018-11-30,-6.4030131826742,3976.0
2018-12-01,4.1753018108651965,4142.01
2018-12-02,-0.937226129343015,4103.19
2018-12-03,-6.573422142284413,3833.47
2018-12-04,1.7835016316809664,3901.84
2018-12-05,-5.316722366883323,3694.39
2018-12-06,-7.068284615322142,3433.26
2018-12-07,-1.5510040020272275,3380.01
2018-12-08,0.6210040798695797,3401.0
2018-12-09,3.827697735960007,3531.18
2018-12-10,-3.427466172780763,3410.15
2018-12-11,-1.782619532865122,3349.36
2018-12-12,2.4147896911648687,3430.24
2018-12-13,-4.817155650916548,3265.0
2018-12-14,-2.1222052067381307,3195.71
2018-12-15,-0.39772069430580487,3183.0
2018-12-16,0.3770028275212064,3195.0
2018-12-17,9.446635367762134,3496.82
2018-12-18,4.888727472389194,3667.77
2018-12-19,0.40187907093411623,3682.51
2018-12-20,10.667452362654817,4075.34
2018-12-21,-5.797798465894875,3839.06
2018-12-22,3.6831932816887494,3980.46
2018-12-23,-0.8926104018128609,3944.93
2018-12-24,2.2578347397799243,4034.0
2018-12-25,-6.296479920674268,3780.0
2018-12-26,0.7904761904761933,3809.88
2018-12-27,-5.774197612523235,3589.89
2018-12-28,8.30582552668745,3888.06
2018-12-29,-4.083013122225481,3729.31
2018-12-30,2.673148652163538,3829.0
2018-12-31,-3.5816139984330078,3691.86
2019-01-01,3.6361075447064564,3826.1
2019-01-02,1.6907555996968207,3890.79
2019-01-03,-2.6529316668337226,3787.57
2019-01-04,0.8628223372769304,3820.25
2019-01-05,-0.5661933119560267,3798.62
2019-01-06,6.380475014610567,4040.99
2019-01-07,-0.8656294620872501,4006.01
2019-01-08,-0.3032943003137808,3993.86
2019-01-09,0.2568943328008434,4004.12
2019-01-10,-9.440276515189355,3626.12
2019-01-11,0.26391845829702726,3635.69
2019-01-12,-0.4477829517918249,3619.41
2019-01-13,-2.9057222033425356,3514.24
2019-01-14,4.26692542342015,3664.19
2019-01-15,-2.276901579885318,3580.76
2019-01-16,0.8084875836414565,3609.71
2019-01-17,0.8571325674361666,3640.65
2019-01-18,-0.9009380193097436,3607.85
2019-01-19,2.073256925869983,3682.65
2019-01-20,-3.9770274123253646,3536.19
2019-01-21,-0.12527607396660914,3531.76
2019-01-22,1.281797177611162,3577.03
2019-01-23,-0.6715068087212012,3553.01
2019-01-24,0.4491965966884298,3568.97
2019-01-25,-0.1905311616516734,3562.17
2019-01-26,-0.1712439327713138,3556.07
2019-01-27,-0.7044293278816273,3531.02
2019-01-28,-2.8623457244648898,3429.95
2019-01-29,-0.9484103266811397,3397.42
2019-01-30,1.1811904327401412,3437.55
2019-01-31,-0.7578071591685992,3411.5
2019-02-01,0.7621280961453907,3437.5
2019-02-02,0.8997818181818135,3468.43
2019-02-03,-1.5468093633142268,3414.78
2019-02-04,-0.1525720544222479,3409.57
2019-02-05,0.5522690544555451,3428.4
2019-02-06,-1.780422354451055,3367.36
2019-02-07,-0.24826570369666823,3359.0
2019-02-08,7.829413515927353,3621.99
2019-02-09,0.04803988967391508,3623.73
2019-02-10,0.6929324204617929,3648.84
2019-02-11,-1.6027011324146856,3590.36
2019-02-12,-0.06406042848071453,3588.06
2019-02-13,-0.31716303517778716,3576.68
2019-02-14,-0.42441593880357864,3561.5
2019-02-15,0.14291731012214365,3566.59
2019-02-16,0.44243941692203886,3582.37
2019-02-17,1.1922274918559512,3625.08
2019-02-18,6.673507894998182,3867.0
2019-02-19,0.5433152314455707,3888.01
2019-02-20,1.3112106193142394,3938.99
2019-02-21,-1.0479843817831411,3897.71
2019-02-22,1.1368213643395724,3942.02
2019-02-23,4.26126706612346,4110.0
2019-02-24,-9.143065693430662,3734.22
2019-02-25,2.264729983771716,3818.79
2019-02-26,-0.5056575512138647,3799.48
2019-02-27,0.011317338162059975,3799.91
2019-02-28,-0.20447852712301035,3792.14
2019-03-01,0.36997579203299985,3806.17
2019-03-02,0.09274414963072447,3809.7
2019-03-03,-0.5976848570753598,3786.93
2019-03-04,-2.276514221282148,3700.72
2019-03-05,3.887621868177013,3844.59
2019-03-06,0.18987720407116826,3851.89
2019-03-07,0.1339602117402187,3857.05
2019-03-08,-0.36115684266473835,3843.12
2019-03-09,1.9223963862694922,3917.0
2019-03-10,-0.41026295634414506,3900.93
2019-03-11,-1.3137892758906211,3849.68
2019-03-12,0.2680742295463562,3860.0
2019-03-13,-0.2326424870466326,3851.02
2019-03-14,0.07608373885359818,3853.95
2019-03-15,1.2675307152402175,3902.8
2019-03-16,2.2342933278671673,3990.0
2019-03-17,-0.5761904761904707,3967.01
2019-03-18,0.08797557858436912,3970.5
2019-03-19,0.7643873567560738,4000.85
2019-03-20,0.7748353474886587,4031.85
2019-03-21,-1.4655803167280452,3972.76
2019-03-22,0.2773890192208938,3983.78
2019-03-23,-0.00878562571227236,3983.43
2019-03-24,-0.3491965466946791,3969.52
2019-03-25,-1.5616497712569728,3907.53
2019-03-26,0.35623526882710094,3921.45
2019-03-27,2.6796210585370304,4026.53
2019-03-28,-0.3814699008824007,4011.17
2019-03-29,1.9904416915762768,4091.01
2019-03-30,0.0765092238835802,4094.14
2019-03-31,0.020761380900504355,4094.99
2019-04-01,1.0258877311055759,4137.0
2019-04-02,18.489968576263,4901.93
2019-04-03,1.510425485472048,4975.97
2019-04-04,-1.3963106690755867,4906.49
2019-04-05,2.734541393134401,5040.66
2019-04-06,0.1698190316347542,5049.22
2019-04-07,2.8830195554956943,5194.79
2019-04-08,1.7469426098071335,5285.54
2019-04-09,-1.860358638852415,5187.21
2019-04-10,2.532575315053755,5318.58
2019-04-11,-5.213421627577281,5041.3
2019-04-12,0.7317556979350448,5078.19
2019-04-13,-0.2357139059389142,5066.22
2019-04-14,1.9353679863882773,5164.27
2019-04-15,-2.600173887112809,5029.99
2019-04-16,3.43758138684172,5202.9
2019-04-17,0.4632032135924266,5227.0
2019-04-18,1.0233403481920753,5280.49
2019-04-19,0.18691447195241145,5290.36
2019-04-20,0.558185076251912,5319.89
2019-04-21,-0.41824173056209807,5297.64
2019-04-22,1.6981146321758374,5387.6
2019-04-23,2.694149528547027,5532.75
2019-04-24,-1.6420405765668131,5441.9
2019-04-25,-5.643065840974646,5134.81
2019-04-26,0.48103045682313106,5159.51
2019-04-27,0.21494289186376508,5170.6
2019-04-28,-0.30170579816656407,5155.0
2019-04-29,-0.1309408341416101,5148.25
2019-04-30,2.3782838828728132,5270.69
2019-05-01,0.9573699079247697,5321.15
2019-05-02,1.2940811666651115,5390.01
2019-05-03,4.9608442284893615,5657.4
2019-05-04,1.9904903312475801,5770.01
2019-05-05,-0.9384732435472476,5715.86
2019-05-06,-0.4891652349777643,5687.9
2019-05-07,1.0645405158318568,5748.45
2019-05-08,3.4785029007819506,5948.41
2019-05-09,3.440919506220995,6153.09
2019-05-10,3.088692023032333,6343.14
2019-05-11,13.822964651576338,7219.95
2019-05-12,-3.3267543404040136,6979.76
2019-05-13,12.108869072862106,7824.93
2019-05-14,2.121296931729738,7990.92
2019-05-15,2.658016849123751,8203.32
2019-05-16,-3.954008864703555,7878.96
2019-05-17,-6.539822514646608,7363.69
2019-05-18,-1.3755331905607102,7262.4
2019-05-19,12.910332672394805,8200.0
2019-05-20,-2.444634146341464,7999.54
2019-05-21,-0.598034386977253,7951.7
2019-05-22,-4.089943031049968,7626.48
2019-05-23,3.3501694097407984,7881.98
2019-05-24,1.4323812037077048,7994.88
2019-05-25,0.9072056115914153,8067.41
2019-05-26,8.585407212475884,8760.03
2019-05-27,0.2650675853849741,8783.25
2019-05-28,-1.1015284774997864,8686.5
2019-05-29,-0.29931502906809415,8660.5
2019-05-30,-4.467755903238847,8273.57
2019-05-31,3.343296787239373,8550.18
2019-06-01,0.09157701943116901,8558.01
2019-06-02,2.140217176656721,8741.17
2019-06-03,-8.30735473626528,8015.01
2019-06-04,-4.076726042762267,7688.26
2019-06-05,1.0229882964415828,7766.91
2019-06-06,0.5824710212941798,7812.15
2019-06-07,2.304359235293747,7992.17
2019-06-08,-0.6697805477110691,7938.64
2019-06-09,-3.9654147309866694,7623.84
2019-06-10,5.539072173602803,8046.13
2019-06-11,-1.5899569109621678,7918.2
2019-06-12,3.167512818569882,8169.01
2019-06-13,1.064878118645953,8256.0
2019-06-14,5.304990310077514,8693.98
2019-06-15,1.9248951573387605,8861.33
2019-06-16,1.5304700310224402,8996.95
2019-06-17,3.884872095543474,9346.47
2019-06-18,-2.744137626290991,9089.99
2019-06-19,2.1342157692142676,9283.99
2019-06-20,2.785548024071553,9542.6
2019-06-21,6.6363464883784165,10175.88
2019-06-22,4.740818484494708,10658.3
2019-06-23,1.409511835846255,10808.53
2019-06-24,2.141826871924304,11040.03
2019-06-25,6.313026323298026,11736.99
2019-06-26,9.930399531736848,12902.52
2019-06-27,-13.75793255891098,11127.4
2019-06-28,10.697287776120207,12317.73
2019-06-29,-3.279825097643803,11913.73
2019-06-30,-9.526739316737913,10778.74
2019-07-01,-1.9308379272530831,10570.62
2019-07-02,2.9741869445689977,10885.01
2019-07-03,10.45106986580628,12022.61
2019-07-04,-7.416526028873928,11130.95
2019-07-05,-0.8295787870756777,11038.61
2019-07-06,1.3515288609707081,11187.8
2019-07-07,2.6019414004540695,11478.9
2019-07-08,7.138401763235152,12298.31
2019-07-09,2.1234624920009306,12559.46
2019-07-10,-3.7925993633484243,12083.13
2019-07-11,-6.282974692815508,11323.95
2019-07-12,4.309803557945761,11811.99
2019-07-13,-3.4193222310550504,11408.1
2019-07-14,-10.674345421235786,10190.36
2019-07-15,6.527737979816208,10855.56
2019-07-16,-13.076801196806057,9436.0
2019-07-17,2.8884061042814673,9708.55
2019-07-18,9.74089848638572,10654.25
2019-07-19,-0.9968791796700766,10548.04
2019-07-20,1.9613122437912558,10754.92
2019-07-21,-1.1285997478363317,10633.54
2019-07-22,-3.0930433327001303,10304.64
2019-07-23,-4.575123439537906,9833.19
2019-07-24,-0.8334019784017264,9751.24
2019-07-25,1.327318371817331,9880.67
2019-07-26,-0.3917750516918483,9841.96
2019-07-27,-3.7903019317290365,9468.92
2019-07-28,0.853106795706381,9549.7
2019-07-29,-0.48566970690179817,9503.32
2019-07-30,0.8068759128388846,9580.0
2019-07-31,5.417536534446763,10099.0
2019-08-01,3.1512030894147913,10417.24
2019-08-02,1.1119068006496915,10533.07
2019-08-03,2.7312075206943494,10820.75
2019-08-04,1.636393041147792,10997.82
2019-08-05,7.067946192972786,11775.14
2019-08-06,-2.8454863381666757,11440.08
2019-08-07,5.02033202565017,12014.41
2019-08-08,0.028965217601193596,12017.89
2019-08-09,-1.0724844377839988,11889.0
2019-08-10,-5.090251492976703,11283.82
2019-08-11,2.1989893493515584,11531.95
2019-08-12,-1.2536474750584379,11387.38
2019-08-13,-4.670082143565941,10855.58
2019-08-14,-6.91110009782987,10105.34
2019-08-15,1.7378930347717048,10280.96
2019-08-16,0.8546867218625578,10368.83
2019-08-17,-1.4510798228922561,10218.37
2019-08-18,0.8873235163729642,10309.04
2019-08-19,6.078451533799453,10935.67
2019-08-20,-1.5058976724791466,10770.99
2019-08-21,-5.8791253171713995,10137.75
2019-08-22,-0.4819609873985903,10088.89
2019-08-23,3.232466604353906,10415.01
2019-08-24,-2.4868915152265836,10156.0
2019-08-25,-0.07384797164237888,10148.5
2019-08-26,2.219539833472927,10373.75
2019-08-27,-1.9625497047837104,10170.16
2019-08-28,-4.520872827959448,9710.38
2019-08-29,-1.9090910963319583,9525.0
2019-08-30,0.5837270341207388,9580.6
2019-08-31,0.139344091184272,9593.95
2019-09-01,1.831258240870535,9769.64
2019-09-02,6.503924402536837,10405.05
2019-09-03,2.147130479911196,10628.46
2019-09-04,-0.402598306810197,10585.67
2019-09-05,-0.10769275822880968,10574.27
2019-09-06,-2.415958737577167,10318.8
2019-09-07,1.6093925650269558,10484.87
2019-09-08,-0.8555184756701868,10395.17
2019-09-09,-0.8192266215944507,10310.01
2019-09-10,-2.1338485607676425,10090.01
2019-09-11,0.7877098238752942,10169.49
2019-09-12,2.6323837281909,10437.19
2019-09-13,-0.5296444732729849,10381.91
2019-09-14,-0.2091137372602838,10360.2
2019-09-15,-0.5168819134765843,10306.65
2019-09-16,-0.36752970169744004,10268.77
2019-09-17,-0.8144110735755208,10185.14
2019-09-18,-0.29336857421693957,10155.26
2019-09-19,1.4739159804869622,10304.94
2019-09-20,-1.3246074212950294,10168.44
2019-09-21,-1.8296808556671533,9982.39
2019-09-22,0.5270280964779034,10035.0
2019-09-23,-3.4988540109616397,9683.89
2019-09-24,-11.642635345919865,8556.43
2019-09-25,-1.2839466927211531,8446.57
2019-09-26,-4.541133264745331,8063.0
2019-09-27,1.624457397990817,8193.98
2019-09-28,0.41786775169087287,8228.22
2019-09-29,-2.0072385035888556,8063.06
2019-09-30,3.002334101445345,8305.14
2019-10-01,0.22022506544141185,8323.43
2019-10-02,0.8718761376019226,8396.0
2019-10-03,-1.8431395902810863,8241.25
2019-10-04,-0.9894130138025173,8159.71
2019-10-05,-0.082355868039431,8152.99
2019-10-06,-3.560902196617434,7862.67
2019-10-07,4.605941747523419,8224.82
2019-10-08,-0.4631104388910657,8186.73
2019-10-09,5.04804726673532,8600.0
2019-10-10,-0.12779069767441606,8589.01
2019-10-11,-3.7882130769436846,8263.64
2019-10-12,0.48961474604412764,8304.1
2019-10-13,-0.2900976626004039,8280.01
2019-10-14,1.002293475490969,8363.0
2019-10-15,-2.4689704651440816,8156.52
2019-10-16,-2.0047765468606764,7993.0
2019-10-17,1.050919554610284,8077.0
2019-10-18,-1.5208617060789915,7954.16
2019-10-19,0.13967533969646806,7965.27
2019-10-20,3.3918498682405,8235.44
2019-10-21,-0.25329551305091874,8214.58
2019-10-22,-2.5143099221140943,8008.04
2019-10-23,-6.676040579217885,7473.42
2019-10-24,-0.45668515886970235,7439.29
2019-10-25,17.011838495340285,8704.85
2019-10-26,6.621825763798343,9281.27
2019-10-27,3.117138064079587,9570.58
2019-10-28,-3.6426214503196337,9221.96
2019-10-29,2.269691041817589,9431.27
2019-10-30,-2.70907311528564,9175.77
2019-10-31,-0.3162677355687908,9146.75
2019-11-01,1.3256074562002897,9268.0
2019-11-02,0.561070349589987,9320.0
2019-11-03,-1.1265021459227444,9215.01
2019-11-04,2.1594116555489333,9414.0
2019-11-05,-1.0517314637773552,9314.99
2019-11-06,0.3018790143628796,9343.11
2019-11-07,-1.5669300693238273,9196.71
2019-11-08,-4.762790171702693,8758.69
2019-11-09,0.45314995735662167,8798.38
2019-11-10,2.710044349073358,9036.82
2019-11-11,-3.4991291184288182,8720.61
2019-11-12,1.1815687205367404,8823.65
2019-11-13,-0.6577776770384032,8765.61
2019-11-14,-1.5469545188526568,8630.01
2019-11-15,-1.9699861297959123,8460.0
2019-11-16,0.3309692671394799,8488.0
2019-11-17,0.14149387370405536,8500.01
2019-11-18,-3.9915247158532834,8160.73
2019-11-19,-0.4579247199699033,8123.36
2019-11-20,-0.4973311536113091,8082.96
2019-11-21,-5.742945653572452,7618.76
2019-11-22,-4.230478450561514,7296.45
2019-11-23,0.5820638803801884,7338.92
2019-11-24,-5.895554114229343,6906.25
2019-11-25,3.167420814479638,7125.0
2019-11-26,0.42105263157894735,7155.0
2019-11-27,5.372466806429065,7539.4
2019-11-28,-1.6758628007533682,7413.05
2019-11-29,4.562764314283592,7751.29
2019-11-30,-2.574926238084243,7551.7
2019-12-01,-1.8255492140842415,7413.84
2019-12-02,-1.3319683187120304,7315.09
2019-12-03,-0.2609673975303126,7296.0
2019-12-04,-1.5135690789473724,7185.57
2019-12-05,2.8276114490569335,7388.75
2019-12-06,2.3279986465911042,7560.76
2019-12-07,-0.7745253122702004,7502.2
2019-12-08,0.23726373597078432,7520.0
2019-12-09,-2.490824468085112,7332.69
2019-12-10,-1.5955945226103927,7215.69
2019-12-11,0.8243147917939999,7275.17
2019-12-12,-1.1131011371555644,7194.19
2019-12-13,0.7653398089291554,7249.25
2019-12-14,-2.6168224299065392,7059.55
2019-12-15,0.7287999943339138,7111.0
2019-12-16,-3.2901139080298134,6877.04
2019-12-17,-3.757721345229926,6618.62
2019-12-18,10.43268838519208,7309.12
2019-12-19,-2.1224169257037797,7153.99
2019-12-20,0.501538302401878,7189.87
2019-12-21,-0.6517503098108821,7143.01
2019-12-22,5.697738068405333,7550.0
2019-12-23,-3.0704635761589367,7318.18
2019-12-24,-0.7967828066541189,7259.87
2019-12-25,-0.8968480151848405,7194.76
2019-12-26,0.003335761026077058,7195.0
2019-12-27,0.7275886031966694,7247.35
2019-12-28,0.7775255783148247,7303.7
2019-12-29,1.0245492010898576,7378.53
2019-12-30,-2.5415631568889703,7191.0
2019-12-31,-0.4587679043248475,7158.01
2020-01-01,0.2278566249558116,7174.32
2020-01-02,-3.196261109066776,6945.01
2020-01-03,5.6231740487054696,7335.54
2020-01-04,0.24483541770612713,7353.5
2020-01-05,-0.06541102876181955,7348.69
2020-01-06,5.780486045812246,7773.48
2020-01-07,5.100289702938713,8169.95
2020-01-08,-1.6508056964852893,8035.08
2020-01-09,-2.7541729516072047,7813.78
2020-01-10,4.736631950221283,8183.89
2020-01-11,-2.211662180210144,8002.89
2020-01-12,2.3712683792979727,8192.66
2020-01-13,-1.013590213679073,8109.62
2020-01-14,7.985084381265711,8757.18
2020-01-15,0.8527859425066092,8831.86
2020-01-16,-1.1848013895147935,8727.22
2020-01-17,1.702604036566056,8875.81
2020-01-18,0.28380508370504226,8901.0
2020-01-19,-2.1412200876306047,8710.41
2020-01-20,-0.8810147857563511,8633.67
2020-01-21,1.1157479959275711,8730.0
2020-01-22,-0.7445589919816723,8665.0
2020-01-23,-3.212579342181198,8386.63
2020-01-24,0.4570369743269935,8424.96
2020-01-25,-1.4352590398055096,8304.04
2020-01-26,3.9604818859253954,8632.92
2020-01-27,3.131269605185728,8903.24
2020-01-28,5.777671948638918,9417.64
2020-01-29,-1.5676963655438032,9270.0
2020-01-30,2.4121898597626816,9493.61
2020-01-31,-1.5834861554245425,9343.28
2020-02-01,0.3401375105958382,9375.06
2020-02-02,-0.6506625024266511,9314.06
2020-02-03,-0.3410972229081477,9282.29
2020-02-04,-1.3328607488023014,9158.57
2020-02-05,5.075792399905234,9623.44
2020-02-06,1.4809673048306906,9765.96
2020-02-07,0.39955109379928283,9804.98
2020-02-08,1.0826131210874437,9911.13
2020-02-09,2.6604433601415813,10174.81
2020-02-10,-3.148068612583424,9854.5
2020-02-11,4.3177228677254025,10279.99
2020-02-12,0.6227632517152297,10344.01
2020-02-13,-1.0096664639728743,10239.57
2020-02-14,1.3714443086965593,10380.0
2020-02-15,-4.611368015414257,9901.34
2020-02-16,0.1383651101770137,9915.04
2020-02-17,-2.0483023769949504,9711.95
2020-02-18,4.937834317516044,10191.51
2020-02-19,-5.886958851043656,9591.54
2020-02-20,0.1929825658861705,9610.05
2020-02-21,0.904886030769881,9697.01
2020-02-22,-0.296483142741938,9668.26
2020-02-23,3.0605300229824146,9964.16
2020-02-24,-2.971449675637484,9668.08
2020-02-25,-3.7967207553102553,9301.01
2020-02-26,-5.6445482802405325,8776.01
2020-02-27,0.4637642846806112,8816.71
2020-02-28,-1.17447437876486,8713.16
2020-02-29,-1.8486978317854823,8552.08
2020-03-01,-0.7223973583034847,8490.3
2020-03-02,5.102528768123637,8923.52
2020-03-03,-1.7240954242272146,8769.67
2020-03-04,-0.05325171870777433,8765.0
2020-03-05,3.292184826012544,9053.56
2020-03-06,1.208585352060406,9162.98
2020-03-07,-3.0263080351588596,8885.68
2020-03-08,-9.202222002142776,8068.0
2020-03-09,-1.524169558750623,7945.03
2020-03-10,-0.730267852984816,7887.01
2020-03-11,0.8876621178368003,7957.02
2020-03-12,-37.41375540089129,4980.0
2020-03-13,12.30461847389559,5592.77
2020-03-14,-7.333575312412284,5182.62
2020-03-15,2.7881650593715146,5327.12
2020-03-16,-4.747781165057293,5074.2
2020-03-17,5.667297307950034,5361.77
2020-03-18,1.2111672078436708,5426.71
2020-03-19,14.618065089160831,6219.99
2020-03-20,-0.07379433085905517,6215.4
2020-03-21,-0.7510377449560669,6168.72
2020-03-22,-6.111964880882916,5791.69
2020-03-23,13.66941255488468,6583.38
2020-03-24,2.4125904930294153,6742.21
2020-03-25,0.15751511744665161,6752.83
2020-03-26,0.2868427015044047,6772.2
2020-03-27,-6.67050589173385,6320.46
2020-03-28,-0.8013657233808874,6269.81
2020-03-29,-5.937341003953871,5897.55
2020-03-30,8.541004315351291,6401.26
2020-03-31,0.5228658107934898,6434.73
2020-04-01,4.42380643787697,6719.39
2020-04-02,1.0484582677891865,6789.84
2020-04-03,-0.9109198449448053,6727.99
2020-04-04,2.506097660668351,6896.6
2020-04-05,-1.6943131398080267,6779.75
2020-04-06,7.969615398797887,7320.07
2020-04-07,-1.5777171529780425,7204.58
2020-04-08,1.9302998925683343,7343.65
2020-04-09,-0.6666984401489727,7294.69
2020-04-10,-5.5129141882657064,6892.54
2020-04-11,-0.01610436791080897,6891.43
2020-04-12,-0.44199825000036325,6860.97
2020-04-13,0.14618924146293813,6871.0
2020-04-14,-0.07684470964924676,6865.72
2020-04-15,-4.208735573253788,6576.76
2020-04-16,8.310018915088884,7123.29
2020-04-17,-0.9555977645161114,7055.22
2020-04-18,3.0659568376322706,7271.53
2020-04-19,-2.010856037175111,7125.31
2020-04-20,-4.1084528252104215,6832.57
2020-04-21,0.18192276112795466,6845.0
2020-04-22,4.368005843681516,7143.99
2020-04-23,4.690236128550021,7479.06
2020-04-24,0.4757282332271693,7514.64
2020-04-25,0.280119872675195,7535.69
2020-04-26,3.05346955620521,7765.79
2020-04-27,0.0928430977402175,7773.0
2020-04-28,0.017882413482572076,7774.39
2020-04-29,13.051956487904517,8789.1
2020-04-30,-1.5564733590470137,8652.3
2020-05-01,1.8677114755614157,8813.9
2020-05-02,2.020671893259515,8992.0
2020-05-03,-0.8270685053380873,8917.63
2020-05-04,-0.19444628225210428,8900.29
2020-05-05,1.5437699221036576,9037.69
2020-05-06,1.0461744096112975,9132.24
2020-05-07,9.584943015076254,10007.56
2020-05-08,-2.1716582263808553,9790.23
2020-05-09,-2.4036207525257294,9554.91
2020-05-10,-8.174017337682935,8773.89
2020-05-11,-2.4677765506519758,8557.37
2020-05-12,2.9421422703470643,8809.14
2020-05-13,5.979017247994705,9335.84
2020-05-14,5.134835215684921,9815.22
2020-05-15,-4.931524713658981,9331.18
2020-05-16,0.23662602157497686,9353.26
2020-05-17,3.710684830743502,9700.33
2020-05-18,0.33895754061974387,9733.21
2020-05-19,0.5208970113662474,9783.91
2020-05-20,-2.9246998388169927,9497.76
2020-05-21,-4.828928084095612,9039.12
2020-05-22,1.4836621264016712,9173.23
2020-05-23,-0.07859826909386473,9166.02
2020-05-24,-5.371797137688997,8673.64
2020-05-25,2.5220092141246355,8892.39
2020-05-26,-0.6254786396008157,8836.77
2020-05-27,4.110438542589652,9200.0
2020-05-28,4.279565217391297,9593.72
2020-05-29,-1.739158532873573,9426.87
2020-05-30,2.733993361529326,9684.6
2020-05-31,-2.569027115213856,9435.8
2020-06-01,8.230144767799233,10212.38
2020-06-02,-6.884095578112046,9509.35
2020-06-03,1.7174675451003454,9672.67
2020-06-04,1.311943858314195,9799.57
2020-06-05,-2.3533685661717705,9568.95
2020-06-06,1.007529561759648,9665.36
2020-06-07,1.020551743546018,9764.0
2020-06-08,0.71630479311758,9833.94
2020-06-09,-0.5627449425154123,9778.6
2020-06-10,1.233100852882825,9899.18
2020-06-11,-6.470030851040183,9258.7
2020-06-12,2.2472917364208764,9466.77
2020-06-13,0.10985795577583099,9477.17
2020-06-14,-1.703673142931919,9315.71
2020-06-15,1.304463105871699,9437.23
2020-06-16,1.0338838833004993,9534.8
2020-06-17,-0.7789361077316632,9460.53
2020-06-18,-0.9764780620113357,9368.15
2020-06-19,-0.8818176480948615,9285.54
2020-06-20,0.8213846475272155,9361.81
2020-06-21,-0.8772876185267506,9279.68
2020-06-22,4.539272905962269,9700.91
2020-06-23,-0.7954923816425477,9623.74
2020-06-24,-3.5291892756869934,9284.1
2020-06-25,-0.5521267543434497,9232.84
2020-06-26,-0.819032930279316,9157.22
2020-06-27,-1.703355385149637,9001.24
2020-06-28,1.3478143011407284,9122.56
2020-06-29,0.7507760979374187,9191.05
2020-06-30,-0.6699996191947594,9129.47
2020-07-01,1.2007268768066581,9239.09
2020-07-02,-1.6294894843539707,9088.54
2020-07-03,-0.42350036419492676,9050.05
2020-07-04,0.9742487610565697,9138.22
2020-07-05,-0.5438695938596237,9088.52
2020-07-06,2.675573140621356,9331.69
2020-07-07,-0.7300928342026044,9263.56
2020-07-08,1.861595326202893,9436.01
2020-07-09,-2.1781452118003335,9230.48
2020-07-10,0.7332229743198652,9298.16
2020-07-11,-0.6792741789773445,9235.0
2020-07-12,0.8529507309150021,9313.77
2020-07-13,-0.8979178141611939,9230.14
2020-07-14,0.3055208263363365,9258.34
2020-07-15,-0.6894324468533228,9194.51
2020-07-16,-0.6917171225002785,9130.91
2020-07-17,0.1833333150803127,9147.65
2020-07-18,0.29461118429324173,9174.6
2020-07-19,0.51348287663766,9221.71
2020-07-20,-0.6569280534738128,9161.13
2020-07-21,2.570861891491557,9396.65
2020-07-22,1.5926952690586522,9546.31
2020-07-23,0.6886430463707944,9612.05
2020-07-24,-0.6100675714337672,9553.41
2020-07-25,1.6288424761420328,9709.02
2020-07-26,2.4261974947007987,9944.58
2020-07-27,11.703460578526197,11108.44
2020-07-28,-1.4006467154704003,10952.85
2020-07-29,1.3470466590887216,11100.39
2020-07-30,0.3538614409043345,11139.67
2020-07-31,2.0924318224866636,11372.76
2020-08-01,3.807870736742879,11805.82
2020-08-02,-6.401842481081357,11050.03
2020-08-03,1.6779139966135825,11235.44
2020-08-04,-0.3328752590018694,11198.04
2020-08-05,4.818253908719734,11737.59
2020-08-06,0.24732504713489445,11766.62
2020-08-07,-1.4248781723213775,11598.96
2020-08-08,1.562036596384506,11780.14
2020-08-09,-0.7417568891371342,11692.76
2020-08-10,1.739794539527026,11896.19
2020-08-11,-4.280193910823551,11387.01
2020-08-12,1.5469381338911588,11563.16
2020-08-13,2.264346424333832,11824.99
2020-08-14,-0.33572967080732335,11785.29
2020-08-15,0.5853059194979466,11854.27
2020-08-16,0.5882268583388058,11924.0
2020-08-17,3.363804092586384,12325.1
2020-08-18,-2.7714176761243308,11983.52
2020-08-19,-1.8251732379134107,11764.8
2020-08-20,0.7772337821297474,11856.24
2020-08-21,-2.7826697165374528,11526.32
2020-08-22,1.2966844578321697,11675.78
2020-08-23,-0.22054201089777298,11650.03
2020-08-24,0.9640318522784876,11762.34
2020-08-25,-3.719327956852119,11324.86
2020-08-26,1.193392236195411,11460.01
2020-08-27,-1.0321107922244452,11341.73
2020-08-28,1.7481460059444236,11540.0
2020-08-29,-0.6190641247833666,11468.56
2020-08-30,2.235938949615299,11724.99
2020-08-31,-0.5037104509257534,11665.93
2020-09-01,2.107075903935644,11911.74
2020-09-02,-4.379041181221207,11390.12
2020-09-03,-10.222016976116151,10225.82
2020-09-05,-0.7124123053212394,10152.97
2020-09-06,1.0068974891091118,10255.2
2020-09-07,1.312992433107103,10389.85
2020-09-08,-2.566350813534375,10123.21
2020-09-09,1.104293993703587,10235.0
2020-09-10,1.0840254030288299,10345.95
2020-09-11,0.5223299938623235,10399.99
2020-09-12,0.42326963775927123,10444.01
2020-09-13,-1.0315003528338211,10336.28
2020-09-14,3.318892290069534,10679.33
2020-09-15,1.0344281897834353,10789.8
2020-09-16,1.5160614654581173,10953.38
2020-09-17,-0.05066929112291615,10947.83
2020-09-18,-0.051425716329164775,10942.2
2020-09-19,1.216665752773658,11075.33
2020-09-20,-1.4784209590143118,10911.59
2020-09-21,-4.451596880014734,10425.85
2020-09-22,0.989463688811942,10529.01
2020-09-23,-2.83882340314996,10230.11
2020-09-24,4.993983446903302,10741.0
2020-09-25,-0.4440927287962082,10693.3
2020-09-26,0.3453564381435132,10730.23
2020-09-27,0.5773408398515291,10792.18
2020-09-28,-1.0300977189038738,10681.01
2020-09-29,1.5437678646494986,10845.9
2020-09-30,-0.5777298333932624,10783.24
2020-10-01,-1.7119158991175227,10598.64
2020-10-02,-0.19549678071902948,10577.92
2020-10-03,-0.3092290355760012,10545.21
2020-10-04,1.1109309345190987,10662.36
2020-10-05,1.2908961993404782,10800.0
2020-10-06,-1.9060185185185219,10594.15
2020-10-07,0.7275713483384691,10671.23
2020-10-08,2.3941007737627205,10926.71
2020-10-09,1.2134485128643493,11059.3
2020-10-10,2.2086388831119534,11303.56
2020-10-11,0.5917604719221311,11370.45
2020-10-12,1.4456771719676809,11534.83
2020-10-13,-0.8710141371827703,11434.36
2020-10-14,-0.06550432206087425,11426.87
2020-10-15,0.7209323288004431,11509.25
2020-10-16,-1.5632643308643053,11329.33
2020-10-17,0.32332009042016785,11365.96
2020-10-18,1.3250090621469754,11516.56
2020-10-19,2.158022881832775,11765.09
2020-10-20,1.2940827481982713,11917.34
2020-10-21,7.7117041218929785,12836.37
2020-10-22,1.0957147542490566,12977.02
2020-10-23,-0.2619245404568983,12943.03
2020-10-24,1.3740213844826143,13120.87
2020-10-25,-0.5376930035889471,13050.32
2020-10-26,0.17340570959180326,13072.95
2020-10-27,4.7826236618360785,13698.18
2020-10-28,-3.0528143154784084,13280.0
2020-10-29,1.355421686746988,13460.0
2020-10-30,0.9135958395245123,13582.97
2020-10-31,1.193038046907275,13745.02
2020-11-01,0.2873768099282504,13784.52
2020-11-02,-1.5277282052621357,13573.93
2020-11-03,3.5115843385077117,14050.59
2020-11-04,0.7786861619334123,14160.0
2020-11-05,10.427966101694917,15636.6
2020-11-06,-0.25753680467621115,15596.33
2020-11-07,-5.01214067668483,14814.62
2020-11-08,4.544564761026596,15487.88
2020-11-09,-0.9911621216073369,15334.37
2020-11-10,-0.05947423989378631,15325.25
2020-11-11,2.6006753560300777,15723.81
2020-11-12,3.7898575472484075,16319.72
2020-11-13,0.12175453990632683,16339.59
2020-11-14,-1.5073205631230702,16093.3
2020-11-15,-0.9113109182081975,15946.64
2020-11-16,4.815685310510568,16714.58
2020-11-17,5.661643906098745,17660.9
2020-11-18,0.8035830563561214,17802.82
2020-11-19,0.009099681960492672,17804.44
2020-11-20,5.046100860234865,18702.87
2020-11-21,0.03887103957841998,18710.14
2020-11-22,-1.2434968418194619,18477.48
2020-11-23,-0.46689267151148556,18391.21
2020-11-24,4.316518597743165,19185.07
2020-11-25,-2.4963161458363103,18706.15
2020-11-26,-8.19596763631213,17173.0
2020-11-27,-0.09322774122167587,17156.99
2020-11-28,3.271611162564049,17718.3
2020-11-29,2.936060457267352,18238.52
2020-11-30,8.161188517489355,19727.0
2020-12-01,-4.884929284736662,18763.35
2020-12-02,2.570223334319309,19245.61
2020-12-03,0.9584523431577338,19430.07
2020-12-04,-3.79694977938834,18692.32
2020-12-05,2.4849777876689463,19156.82
2020-12-06,1.2541747534298597,19397.08
2020-12-07,-1.0011816211512286,19202.88
2020-12-08,-4.640553916912476,18311.76
2020-12-09,1.3010764667077335,18550.01
2020-12-10,-1.4189210679670747,18286.8
2020-12-11,-1.3050943850208887,18048.14
2020-12-12,4.311912474083209,18826.36
2020-12-13,1.6289925402467618,19133.04
2020-12-14,0.8121553083043751,19288.43
2020-12-15,0.8445995863841683,19451.34
2020-12-16,9.939109593477884,21384.63
2020-12-17,6.760509767996917,22830.34
2020-12-18,1.4845157803168865,23169.26
2020-12-19,2.7866664710051228,23814.91
2020-12-20,-1.525220964513406,23451.68
2020-12-21,-2.8757854447954343,22777.26
2020-12-22,4.66574996290161,23839.99
2020-12-23,-2.6989105280665044,23196.57
2020-12-24,2.342760158075089,23740.01
2020-12-25,4.197175991080037,24736.42
2020-12-26,7.2067016973353475,26519.1
2020-12-27,-0.750553374737443,26320.06
2020-12-28,2.751057558379419,27044.14
2020-12-29,1.3448754517614505,27407.85
2020-12-30,5.57033842494031,28934.56
2020-12-31,0.31937586056259315,29026.97
2021-01-01,1.2544195966716436,29391.09
2021-01-02,9.709200985740916,32244.73
2021-01-03,2.758187151822946,33134.1
2021-01-04,-3.0385313015895927,32127.31
2021-01-05,6.2374347556642675,34131.23
2021-01-06,8.34596350614963,36979.81
2021-01-07,7.013502773540487,39573.39
2021-01-08,2.7627908551680855,40666.72
2021-01-09,-0.7879169994531112,40346.3
2021-01-10,-5.215546406981572,38242.02
2021-01-11,-7.2373530477731025,35474.31
2021-01-12,-4.2449874289309575,33968.43
2021-01-13,10.457445339687478,37520.66
2021-01-14,4.398803219346352,39171.12
2021-01-15,-5.878642224169242,36868.39
2021-01-16,-2.7094212684633048,35869.47
2021-01-17,0.17195682010355962,35931.15
2021-01-18,2.3233879238488044,36765.97
2021-01-19,-2.972694586869331,35673.03
2021-01-20,-0.2875842057711288,35570.44
2021-01-21,-13.840649708015992,30647.26
2021-01-22,7.303262999693949,32885.51
2021-01-23,-2.6278442998147216,32021.33
2021-01-24,0.7141489750737919,32250.01
2021-01-25,-0.8403408247005145,31979.0
2021-01-26,1.8787954595203094,32579.82
2021-01-27,-6.22397545474468,30552.06
2021-01-28,9.5991563253018,33484.8
2021-01-29,2.524548451834852,34330.14
2021-01-30,-0.2938817027836164,34229.25
2021-01-31,-3.3689315424673447,33076.09
2021-02-01,1.1534313759576844,33457.6
2021-02-02,6.137529290803887,35511.07
2021-02-03,6.359538025748038,37769.41
2021-02-04,-1.8494861317664237,37070.87
2021-02-05,3.5229548160051216,38376.86
2021-02-06,1.6120651871987344,38995.52
2021-02-07,-0.2738263267165019,38888.74
2021-02-08,20.02044807828694,46674.44
2021-02-09,-0.16925752081867507,46595.44
2021-02-10,-3.6659166648066877,44887.29
2021-02-11,7.204066006212447,48121.0
2021-02-12,-1.2402485401384005,47524.18
2021-02-13,-0.5259427937525636,47274.23
2021-02-14,3.022851985109009,48703.26
2021-02-15,-1.6249220278067615,47911.87
2021-02-16,2.8079889179862954,49257.23
2021-02-17,6.1160767668015295,52269.84
2021-02-18,-1.1970191605713603,51644.16
2021-02-19,8.491473188836837,56029.51
2021-02-20,-0.12397038631963607,55960.05
2021-02-21,2.8206193525559717,57538.47
2021-02-22,-5.923237096850158,54130.33
2021-02-23,-9.52926021326676,48972.11
2021-02-24,1.67009344706609,49789.99
2021-02-25,-5.748665545022192,46927.73
2021-02-26,-1.2094341661103252,46360.17
2021-02-27,-0.8339270541932884,45973.56
2021-02-28,-1.3513636968727174,45352.29
2021-03-01,9.481108892186043,49652.19
2021-03-02,-2.5859282339812224,48368.22
2021-03-03,3.7141122828170996,50164.67
2021-03-04,-3.662497929319577,48327.39
2021-03-05,1.201596030739498,48908.09
2021-03-06,0.16103675281533594,48986.85
2021-03-07,3.8203926155692765,50858.34
2021-03-08,3.174012364540408,52472.59
2021-03-09,4.81660996722289,54999.99
2021-03-10,1.9023276186050195,56046.27
2021-03-11,3.3271616469749015,57911.02
2021-03-12,-1.2711397588921718,57174.89
2021-03-13,6.917949470475591,61130.22
2021-03-14,-3.169038161485429,59192.98
2021-03-15,-6.356817987538388,55430.19
2021-03-16,3.0602998113482824,57126.52
2021-03-17,3.6667908354998806,59221.23
2021-03-18,-2.800971881198692,57562.46
2021-03-19,0.7623544928413445,58001.29
2021-03-20,0.0857222313503737,58051.01
2021-03-21,-1.1179478186512226,57402.03
2021-03-22,-5.525623396942582,54230.21
2021-03-23,0.07117803895651251,54268.81
2021-03-24,-3.63774330043352,52294.65
2021-03-25,-1.7371757914050565,51386.2
2021-03-26,7.643900502469542,55314.11
2021-03-27,1.117382165237766,55932.18
2021-03-28,-0.19772159783509918,55821.59
2021-03-29,3.2409144920451114,57630.72
2021-03-30,2.0289179104477593,58800.0
2021-03-31,0.06413265306122301,58837.71
2021-04-01,-0.11705078256785083,58768.84
2021-04-02,0.4266036219193818,59019.55
2021-04-03,-3.8776134348703146,56731.0
2021-04-04,2.706439160247483,58266.39
2021-04-05,1.6023131002281084,59200.0
2021-04-06,-1.996097972972977,58018.31
2021-04-07,-3.544053592736495,55962.11
2021-04-08,3.8357024065032586,58108.65
2021-04-09,0.0300987890787309,58126.14
2021-04-10,3.2914795305520017,60039.35
2021-04-11,0.15659729827189015,60133.37
2021-04-12,-0.383031917220009,59903.04
2021-04-13,6.273304326458226,63660.94
2021-04-14,-0.5930009830203608,63283.43
2021-04-15,0.10034222228472761,63346.93
2021-04-16,-2.9375535641585135,61486.08
2021-04-17,-2.0927500988841703,60199.33
2021-04-18,-6.392313668607283,56351.2
2021-04-19,-0.9827829753403614,55797.39
2021-04-20,1.285920362941711,56514.9
2021-04-21,-4.59245260984271,53919.48
2021-04-22,-4.202952253990592,51653.27
2021-04-23,-0.8161729160612572,51231.69
2021-04-24,-2.07721041410112,50167.5
2021-04-25,-1.784900583046798,49272.06
2021-04-26,9.5341051297632,53969.71
2021-04-27,2.132863044844967,55120.81
2021-04-28,-0.2842846467604469,54964.11
2021-04-29,-2.5493726724584427,53562.87
2021-04-30,7.612176121257123,57640.17
2021-05-01,0.3968933471223351,57868.94
2021-05-02,-2.1381072471692115,56631.64
2021-05-03,1.0270760302897841,57213.29
2021-05-04,-7.139267816970499,53128.68
2021-05-05,8.261695942756345,57518.01
2021-05-06,-1.7946378882023304,56485.77
2021-05-07,1.572272096140321,57373.88
2021-05-08,2.912980610689047,59045.17
2021-05-09,-1.0751599157052165,58410.34
2021-05-10,-4.234815274144954,55936.77
2021-05-11,1.3984182497487847,56719.0
2021-05-12,-13.44069888397186,49095.57
2021-05-13,1.099651149788051,49635.45
2021-05-14,0.5811773641621083,49923.92
2021-05-15,-5.887318143286826,46984.74
2021-05-16,-0.9820848215824974,46523.31
2021-05-17,-5.920838392625116,43768.74
2021-05-18,-1.7796719759353252,42989.8
2021-05-19,-13.382686125546064,37236.61
2021-05-20,9.434720292744151,40749.78
2021-05-21,-8.159013373814531,37425.0
2021-05-22,-0.11131596526387037,37383.34
2021-05-23,-6.569610955040388,34927.4
2021-05-24,10.873010873984311,38725.06
2021-05-25,-0.9168739828937584,38370.0
2021-05-26,2.1980974719833295,39213.41
2021-05-27,-2.155487115249618,38368.17
2021-05-28,-6.771680796868859,35770.0
2021-05-29,-3.2103997763488974,34621.64
2021-05-30,2.6677823465323924,35545.27
2021-05-31,4.525046511111049,37153.71
2021-06-01,-1.047351664207955,36764.58
2021-06-02,2.00404846186193,37501.36
2021-06-03,4.569780935944713,39215.09
2021-06-04,-5.915095439026134,36895.48
2021-06-05,-3.606078576562774,35565.0
2021-06-06,0.867200899760996,35873.42
2021-06-07,-5.734970348519884,33816.09
2021-06-08,-1.1350513912164135,33432.26
2021-06-09,11.739439690885375,37357.02
2021-06-10,-1.7118870830703168,36717.51
2021-06-11,1.5377949103847166,37282.15
2021-06-12,-4.486034201353725,35609.66
2021-06-13,9.863531412543662,39122.03
2021-06-14,3.5143626238209,40496.92
2021-06-15,-0.9951127147447213,40093.93
2021-06-16,-4.2388710710075035,38394.4
2021-06-17,-0.9552695184714544,38027.63
2021-06-18,-5.917381651183621,35777.39
2021-06-19,-0.7802413759080846,35498.24
2021-06-20,0.19037563552447037,35565.82
2021-06-21,-10.90690443802505,31686.69
2021-06-22,2.59279211555388,32508.26
2021-06-23,3.630123543985437,33688.35
2021-06-24,2.9891342259267613,34695.34
2021-06-25,-8.619226674245008,31704.87
2021-06-26,1.7696965797368094,32265.95
2021-06-27,7.224457981246475,34596.99
2021-06-28,-0.15952254805980248,34541.8
2021-06-29,4.01528003751975,35928.75
2021-06-30,-2.596583515986496,34995.83
2021-07-01,-4.16432472097391,33538.49
2021-07-02,0.8766047606794463,33832.49
2021-07-03,2.3688472234825233,34633.93
2021-07-04,1.4233729755762663,35126.9
2021-07-05,-4.138366892609369,33673.22
2021-07-06,1.5462732699753698,34193.9
2021-07-07,-1.1782803365512604,33791.0
2021-07-08,-2.701222218934026,32878.23
2021-07-09,2.7028218976508143,33766.87
2021-07-10,-0.6505785108302911,33547.19
2021-07-11,2.0538829034562855,34236.21
2021-07-12,-3.3279092516373705,33096.86
2021-07-13,-0.991997428154815,32768.54
2021-07-14,0.1484350538656877,32817.18
2021-07-15,-2.8219670306833193,31891.09
2021-07-16,-1.5123659931347637,31408.78
2021-07-17,0.30246319659662046,31503.78
2021-07-18,0.7911431580591332,31753.02
2021-07-19,-2.8442019058344656,30849.9
2021-07-20,-3.440173225845143,29788.61
2021-07-21,7.712444454440809,32086.04
2021-07-22,0.753941589551094,32327.95
2021-07-23,4.244160239050108,33700.0
2021-07-24,1.707507418397627,34275.43
2021-07-25,3.1892816516087454,35368.57
2021-07-26,5.3735562393390595,37269.12
2021-07-27,5.668768138340795,39381.82
2021-07-28,1.6498475692591097,40031.56
2021-07-29,-0.01653695234458848,40024.94
2021-07-30,5.406653951261376,42188.95
2021-07-31,-1.6983831074250457,41472.42
2021-08-01,-3.992195295090077,39816.76
2021-08-02,-1.6828842929459846,39146.69
2021-08-03,-2.399743120044135,38207.27
2021-08-04,3.9854457018258653,39730.0
2021-08-05,2.9291467404983638,40893.75
2021-08-06,4.7293535075653415,42827.76
2021-08-07,3.8785824894881276,44488.87
2021-08-08,-1.2488741566149029,43933.26
2021-08-09,5.178855382004426,46208.5
2021-08-10,-1.390956209355417,45565.76
2021-08-11,-0.18173733961642458,45482.95
2021-08-12,-2.2614628118888387,44454.37
2021-08-13,7.448176635952778,47765.41
2021-08-14,-1.320620926314676,47134.61
2021-08-15,-0.09464382966147504,47090.0
2021-08-16,-2.461860267572735,45930.71
2021-08-17,-2.6391928189222353,44718.51
2021-08-18,0.03732235264545945,44735.2
2021-08-19,4.474194817503892,46736.74
2021-08-20,5.59356514810404,49350.99
2021-08-21,-0.9200220704792363,48896.95
2021-08-22,0.8825090317494325,49328.47
2021-08-23,0.2760880278670762,49464.66
2021-08-24,-3.425192854858402,47770.4
2021-08-25,2.5426833352871263,48985.05
2021-08-26,-4.5206649783964785,46770.6
2021-08-27,4.94207899834512,49082.04
2021-08-28,-0.24169737036194378,48963.41
2021-08-29,-0.393416226525082,48770.78
2021-08-30,-3.786324516442008,46924.16
2021-08-31,0.3016995935569219,47065.73
2021-09-01,3.874283900409064,48889.19
2021-09-02,0.7857360696710243,49273.33
2021-09-03,1.311013483359042,49919.31
2021-09-04,0.059616208637503276,49949.07
2021-09-05,3.6711194022231095,51782.76
2021-09-06,1.7543290469646557,52691.2
2021-09-07,-10.907665796186077,46943.82
2021-09-08,-1.9626438581265788,46022.48
2021-09-09,0.8519749478950255,46414.58
2021-09-10,-3.2680032868982156,44897.75
2021-09-11,0.5116737475708765,45127.48
2021-09-12,1.9559035869053492,46010.13
2021-09-13,-2.2627843042390894,44969.02
2021-09-14,4.730945882298539,47096.48
2021-09-15,2.145022303153008,48106.71
2021-09-16,-0.6943106273532362,47772.7
2021-09-17,-0.9103525653772849,47337.8
2021-09-18,2.032709589376773,48300.04
2021-09-19,-2.131033431856373,47270.75
2021-09-20,-9.053399829704418,42991.14
2021-09-21,-5.431374929811124,40656.13
2021-09-22,7.103381458097462,43544.09
2021-09-23,3.0971367182090677,44892.71
2021-09-24,-4.624492484414502,42816.65
2021-09-25,-0.3138732245516625,42682.26
2021-09-26,1.0772156863296338,43142.04
2021-09-27,-2.149921515069765,42214.52
2021-09-28,-2.8623563645873378,41006.19
2021-09-29,1.2590782025835503,41522.49
2021-09-30,5.566959014259504,43834.03
2021-10-01,9.835531891546358,48145.34
2021-10-02,-0.939841737538873,47692.85
2021-10-03,1.021075486157785,48179.83
2021-10-04,2.2184594673746223,49248.68
2021-10-05,4.453033055911342,51441.74
2021-10-06,7.458729039880847,55278.64
2021-10-07,-2.5939494893506816,53844.74
2021-10-08,0.25716532385522,53983.21
2021-10-09,1.7933168479606971,54951.3
2021-10-10,-0.5386587760435149,54655.3
2021-10-11,5.095114289007653,57440.05
2021-10-12,-2.473465813487283,56019.29
2021-10-13,2.4157749946491567,57372.59
2021-10-14,-0.07930616344843418,57327.09
2021-10-15,7.597437790754784,61682.48
2021-10-16,-1.2996072790847655,60880.85
2021-10-17,1.0843475411397896,61541.01
2021-10-18,0.8058691269447723,62036.95
2021-10-19,3.7341938957347223,64353.53
2021-10-20,2.56651033750596,66005.17
2021-10-21,-5.837542725819814,62152.09
2021-10-22,-2.381802446225053,60671.75
2021-10-23,1.0488242056640802,61308.09
2021-10-24,-0.6829115048274919,60889.41
2021-10-25,3.6351477210897563,63102.83
2021-10-26,-4.376380583881899,60341.21
2021-10-27,-3.022146887674275,58517.61
2021-10-28,3.5203249073227734,60577.62
2021-10-29,2.8703339616181665,62316.4
2021-10-30,-0.4068270952750866,62062.88
2021-10-31,-1.1753080101986895,61333.45
2021-11-01,-0.6251890281730396,60950.0
2021-11-02,3.9494667760459343,63357.2
2021-11-03,-0.6515439444924896,62944.4
2021-11-04,-2.2959310121313465,61499.24
2021-11-05,-0.8117661291424024,61000.01
2021-11-06,0.88408182228167,61539.3
2021-11-07,3.078293058257082,63433.66
2021-11-08,6.426241210108315,67510.06
2021-11-09,-0.8029618104324034,66967.98
2021-11-10,-3.0927019151540716,64896.86
2021-11-11,-0.15897533409166215,64793.69
2021-11-12,-0.9803115087287053,64158.51
2021-11-13,0.5050460180574624,64482.54
2021-11-14,1.9098348173009345,65714.05
2021-11-15,-3.457966751402482,63441.68
2021-11-16,-5.192737645030839,60147.32
2021-11-17,0.2775851027111418,60314.28
2021-11-18,-5.466201370554372,57017.38
2021-11-19,2.0528302072105054,58187.85
2021-11-20,2.721977182521782,59771.71
2021-11-21,-1.721232335497843,58742.9
2021-11-22,-4.235967240296277,56254.57
2021-11-23,2.3916634684079856,57599.99
2021-11-24,-0.5985244094660434,57255.24
2021-11-25,3.086529721995759,59022.44
2021-11-26,-8.78149056528331,53839.39
2021-11-27,1.5351956996541025,54665.93
2021-11-28,5.132886241942654,57471.87
2021-11-29,0.6202338639755399,57828.33
2021-11-30,-1.6408220676613012,56879.47
2021-12-01,0.6135781504293201,57228.47
2021-12-02,-1.1570814316720337,56566.29
2021-12-03,-5.09902629286807,53681.96
2021-12-04,-8.097617896216903,49335.0
2021-12-05,0.35828519306780593,49511.76
2021-12-06,2.175543749606157,50588.91
2021-12-07,0.17233025973477786,50676.09
2021-12-08,-0.2853022007025295,50531.51
2021-12-09,-5.724032390878488,47639.07
2021-12-10,-0.7779119113786154,47268.48
2021-12-11,4.578061321201773,49432.46
2021-12-12,1.2803934904311869,50065.39
2021-12-13,-6.842111886075389,46639.86
2021-12-14,3.6520263997361977,48343.16
2021-12-15,1.122826890091582,48885.97
2021-12-16,-2.619340477441683,47605.48
2021-12-17,-2.8680101534529254,46240.15
2021-12-18,1.239139578915717,46813.13
2021-12-19,-0.2763327297277507,46683.77
2021-12-20,0.5996516562394218,46963.71
2021-12-21,4.238932571553657,48954.47
2021-12-22,-0.6281959543224527,48646.94
2021-12-23,4.509060590450287,50840.46
2021-12-24,-0.048701368949065446,50815.7
2021-12-25,-0.8277559887987322,50395.07
2021-12-26,0.8863168559940555,50841.73
2021-12-27,-0.3510305412502705,50663.26
2021-12-28,-6.057071732059877,47594.55
2021-12-29,-2.260237779325574,46518.8
2021-12-30,1.2447655571510778,47097.85
2021-12-31,-1.811590125663913,46244.63
2022-01-01,3.2527019893985627,47748.83
2022-01-02,-1.0268523857024454,47258.52
2022-01-03,-1.5632313496063668,46519.76
2022-01-04,-1.3550370853160045,45889.4
2022-01-05,-5.3749885594494655,43422.85
2022-01-06,-0.6667457341008175,43133.33
2022-01-07,-3.4246602337449907,41656.16
2022-01-08,0.027174852410783205,41667.48
2022-01-09,0.4111119750942357,41838.78
2022-01-10,0.08052338046186416,41872.47
2022-01-11,2.1464461016987935,42771.24
2022-01-12,2.6022392617095087,43884.25
2022-01-13,-2.8862519013085572,42617.64
2022-01-14,1.2695212592719842,43158.68
2022-01-15,-0.17688214746142325,43082.34
2022-01-16,0.12842849297415543,43137.67
2022-01-17,-1.975535535414864,42285.47
2022-01-18,0.2983057773745909,42411.61
2022-01-19,-1.6224802595327141,41723.49
2022-01-20,-2.462090299732829,40696.22
2022-01-21,-10.278423892931581,36513.29
2022-01-22,-3.848270040853611,35108.16
2022-01-23,3.2040414536107766,36233.04
2022-01-24,1.1328058589618677,36643.49
2022-01-25,0.9091655843916654,36976.64
2022-01-26,-0.3725054520908281,36838.9
2022-01-27,0.8164738903713162,37139.68
2022-01-28,1.4489085527931382,37677.8
2022-01-29,1.2973687423363351,38166.62
2022-01-30,-0.6498348556932839,37918.6
2022-01-31,1.3494696534154857,38430.3
2022-02-01,0.8191713309549955,38745.11
2022-02-02,-4.746740943566808,36905.98
2022-02-03,0.900477375211265,37238.31
2022-02-04,11.566260660056813,41545.39
2022-02-05,-0.23562181026583073,41447.5
2022-02-06,2.5311779962603307,42496.61
2022-02-07,3.2975571463229625,43897.96
2022-02-08,0.5686596825911668,44147.59
2022-02-09,0.5784007688755056,44402.94
2022-02-10,-2.084659259049066,43477.29
2022-02-11,-2.4972807642794663,42391.54
2022-02-12,-0.4106007944037836,42217.48
2022-02-13,-0.2845977542951437,42097.33
2022-02-14,1.128883945846437,42572.56
2022-02-15,4.456321160860436,44469.73
2022-02-16,-1.2874150573884797,43897.22
2022-02-17,-7.616427646215413,40553.82
2022-02-18,-1.3826317718034926,39993.11
2022-02-19,0.2402163772709842,40089.18
2022-02-20,-4.147702696837398,38426.4
2022-02-21,-3.515812045885121,37075.4
2022-02-22,3.199048425640715,38261.46
2022-02-23,-2.7088877423914277,37225.0
2022-02-24,3.0694694425789133,38367.61
2022-02-25,2.2028737260413203,39212.8
2022-02-26,-0.19021850008161564,39138.21
2022-02-27,-3.674695393580849,37700.0
2022-02-28,14.60482758620689,43206.02
2022-03-01,2.7916943055620496,44412.2
2022-03-02,-1.2371600596232502,43862.75
2022-03-03,-3.2618793851274717,42432.0
2022-03-04,-7.603294683257926,39205.77
2022-03-05,0.47217539663167596,39390.89
2022-03-06,-2.434014565296694,38432.11
2022-03-07,-1.1121429450529732,38004.69
2022-03-08,1.893240018534546,38724.21
2022-03-09,8.42276704934717,41985.86
2022-03-10,-6.028196159373651,39454.87
2022-03-11,-1.987359228404505,38670.76
2022-03-12,0.2514044202906826,38767.98
2022-03-13,-2.5480822059854646,37780.14
2022-03-14,4.935767839928592,39644.88
2022-03-15,-0.7151490936534474,39361.36
2022-03-16,4.442148340402867,41109.85
2022-03-17,-0.3546108779282796,40964.07
2022-03-18,2.055362174705783,41806.03
2022-03-19,0.9891396049804397,42219.55
2022-03-20,-2.2464000682148564,41271.13
2022-03-21,-0.6327667791019878,41009.98
2022-03-22,3.291637791581449,42359.88
2022-03-23,1.3701644102863404,42940.28
2022-03-24,2.420105318363095,43979.48
2022-03-25,0.8541028679738762,44355.11
2022-03-26,0.43582351616307047,44548.42
2022-03-27,5.098632005355073,46819.78
2022-03-28,0.7935321353496296,47191.31
2022-03-29,0.507360359354297,47430.74
2022-03-30,-0.8600329659625767,47022.82
2022-03-31,-3.289870747862417,45475.83
2022-04-01,1.6417512335673665,46222.43
2022-04-02,-0.7593066829242884,45871.46
2022-04-03,1.060768503989199,46358.05
2022-04-04,0.4548077410503602,46568.89
2022-04-05,-2.404266023948605,45449.25
2022-04-06,-4.935637001710697,43206.04
2022-04-07,0.5231675941604481,43432.08
